,epoch,train_loss,val_loss
0,1,1653.813202381134,0.0
1,2,1259.7130727767944,0.0
2,3,1169.2863926887512,0.0
